il;binde
Türkiye;6.43
İstanbul;6.30
Edirne;5.45
Kırklareli;5.82
Tekirdağ;6.04
Balıkesir;6.34
Çanakkale;5.99
İzmir;6.21
Aydın;6.26
Denizli;6.56
Muğla;6.28
Afyonkarahisar;6.81
Kütahya;5.98
Manisa;6.45
Uşak;6.52
Bilecik;5.80
Bursa;6.31
Eskişehir;6.24
Bolu;5.81
Düzce;6.66
Kocaeli;6.50
Sakarya;6.67
Yalova;6.35
Ankara;6.15
Karaman;6.57
Konya;7.08
Antalya;6.81
Burdur;5.70
Isparta;5.97
Adana;6.59
Mersin;6.60
Hatay;7.28
Kahramanmaraş;7.33
Osmaniye;7.68
Aksaray;7.17
Kırıkkale;6.76
Kırşehir;6.86
Nevşehir;6.40
Niğde;6.68
Kayseri;6.71
Sivas;6.15
Yozgat;6.59
Bartın;6.54
Karabük;5.78
Zonguldak;5.96
Çankırı;4.94
Kastamonu;5.47
Sinop;5.44
Amasya;5.88
Çorum;6.22
Samsun;6.19
Tokat;5.86
Artvin;5.02
Giresun;5.34
Gümüşhane;4.58
Ordu;5.78
Rize;5.09
Trabzon;5.68
Bayburt;5.61
Erzincan;5.76
Erzurum;5.83
Ağrı;6.40
Ardahan;4.67
Iğdır;5.31
Kars;5.69
Bingöl;5.95
Elazığ;6.23
Malatya;6.37
Tunceli;4.18
Bitlis;6.10
Hakkari;5.99
Muş;5.95
Van;6.47
Adıyaman;7.44
Gaziantep;7.76
Kilis;7.02
Diyarbakır;6.80
Şanlıurfa;7.50
Batman;6.86
Mardin;6.71
Siirt;5.69
Şırnak;6.34
