il;son12ay_toplam;son12ay_ilk_el;agustos_2026;agustos_2025
İstanbul;305407;80864;20426;24331
Edirne;7721;2794;562;773
Kırklareli;6933;2440;483;610
Tekirdağ;42993;17933;3391;3743
Balıkesir;34462;11905;2682;3161
Çanakkale;14166;5480;1156;1218
İzmir;95859;28201;6532;7867
Aydın;29339;7739;2174;2773
Denizli;20478;6887;1536;1766
Muğla;22730;7057;1727;2001
Afyonkarahisar;11440;3693;989;1176
Kütahya;8835;3576;601;826
Manisa;26040;9367;1752;2149
Uşak;7209;2914;691;666
Bilecik;4047;1954;318;371
Bursa;57169;16669;3914;4938
Eskişehir;26991;9972;2127;2556
Bolu;8005;2479;509;653
Düzce;8523;2992;727;761
Kocaeli;47112;17823;3576;3806
Sakarya;28081;11007;2423;2418
Yalova;15578;4877;1155;1506
Ankara;147984;44781;10851;12534
Karaman;4254;1493;400;447
Konya;43814;18239;3798;4234
Antalya;82450;28283;5855;7077
Burdur;3857;1470;294;315
Isparta;7255;2258;593;741
Adana;35439;10278;2600;3159
Mersin;56385;20254;4090;5088
Hatay;14987;3890;1281;1340
Kahramanmaraş;12850;3797;1172;1264
Osmaniye;6509;2124;486;603
Aksaray;10328;4542;928;1222
Kırıkkale;6565;1699;498;683
Kırşehir;5862;2745;526;611
Nevşehir;5720;2221;516;572
Niğde;6397;2160;546;643
Kayseri;34847;10147;2932;3854
Sivas;10898;5035;1091;1058
Yozgat;6928;2939;698;844
Bartın;2541;1047;210;267
Karabük;4021;1201;254;331
Zonguldak;7872;3407;688;691
Çankırı;2911;1080;207;239
Kastamonu;6314;2541;560;694
Sinop;3283;1463;266;326
Amasya;7431;3172;681;676
Çorum;9682;4051;827;877
Samsun;32946;14383;2739;3098
Tokat;7610;3184;667;706
Artvin;1876;510;131;174
Giresun;9426;4431;795;939
Gümüşhane;1686;881;209;156
Ordu;13268;5965;964;1141
Rize;3624;1065;228;312
Trabzon;10829;3153;851;1017
Bayburt;1552;850;127;108
Erzincan;4640;2257;409;424
Erzurum;12095;4705;897;1060
Ağrı;5146;2796;386;411
Ardahan;1070;566;72;73
Iğdır;2565;1518;193;192
Kars;5730;3240;460;436
Bingöl;3683;1254;375;321
Elazığ;13578;5062;1273;1443
Malatya;9894;2861;809;769
Tunceli;1681;919;112;137
Bitlis;7102;3684;671;627
Hakkari;1167;251;68;164
Muş;4053;2004;334;358
Van;13277;5191;1054;1097
Adıyaman;6493;1960;511;621
Gaziantep;44581;13319;3646;4117
Kilis;2969;949;228;273
Diyarbakır;27205;9646;2057;2747
Şanlıurfa;33387;11826;2604;3188
Batman;10537;5464;701;940
Mardin;13739;5316;1107;1354
Siirt;4048;1562;238;338
Şırnak;2655;860;195;240
